Iteration,Time,TimeStep,Diff.Hf,Diff.Tw,Diff.Mice,MiceTotal
1.0000000000e+00,1.5707960000e-03,1.5710000000e-03,2.1530000000e-08,5.7710000000e+00,2.3710000000e-03,3.1970000000e-06
2.0000000000e+00,4.0381970000e-03,2.4670000000e-03,2.1530000000e-08,7.6990000000e-06,2.4050000000e-09,8.2180000000e-06
3.0000000000e+00,7.9139820000e-03,3.8760000000e-03,2.1530000000e-08,2.7490000000e-05,8.5870000000e-09,1.6110000000e-05
4.0000000000e+00,1.4002050000e-02,6.0880000000e-03,2.1530000000e-08,5.8580000000e-05,1.8300000000e-08,2.8500000000e-05
5.0000000000e+00,2.3565170000e-02,9.5630000000e-03,2.1530000000e-08,1.0740000000e-04,3.3560000000e-08,4.7960000000e-05
6.0000000000e+00,3.8586870000e-02,1.5020000000e-02,2.1520000000e-08,1.8420000000e-04,5.7540000000e-08,7.8530000000e-05
7.0000000000e+00,6.2182910000e-02,2.3600000000e-02,2.1500000000e-08,3.0470000000e-04,9.5300000000e-08,1.2660000000e-04
8.0000000000e+00,9.9247490000e-02,3.7060000000e-02,2.1450000000e-08,4.9440000000e-04,1.5490000000e-07,2.0200000000e-04
9.0000000000e+00,1.5746840000e-01,5.8220000000e-02,2.1330000000e-08,6.2330000000e-04,2.4490000000e-07,3.2050000000e-04
1.0000000000e+01,2.4892160000e-01,9.1450000000e-02,2.1040000000e-08,8.6670000000e-04,3.6420000000e-07,5.0690000000e-04
1.0000000000e+02,5.1142000000e+00,5.1010000000e-02,8.3010000000e-09,2.0800000000e-03,1.0680000000e-06,1.2600000000e-02
2.0000000000e+02,1.0215000000e+01,5.1010000000e-02,1.1480000000e-08,1.6220000000e-03,3.4610000000e-07,3.0320000000e-02
3.0000000000e+02,1.5247220000e+01,4.5620000000e-02,1.7790000000e-08,1.2200000000e-03,3.5610000000e-07,5.2630000000e-02
4.0000000000e+02,1.9276870000e+01,3.8350000000e-02,2.0570000000e-08,1.0300000000e-03,3.7810000000e-07,7.3340000000e-02
5.0000000000e+02,2.3104680000e+01,3.8260000000e-02,1.6670000000e-08,7.7650000000e-04,3.1780000000e-07,9.4700000000e-02
6.0000000000e+02,2.6930680000e+01,3.8260000000e-02,4.6190000000e-09,4.9890000000e-04,2.1180000000e-07,1.1700000000e-01
7.0000000000e+02,3.0756610000e+01,3.8260000000e-02,4.3710000000e-09,3.3190000000e-04,1.4020000000e-07,1.3990000000e-01
8.0000000000e+02,3.4582530000e+01,3.8260000000e-02,4.1250000000e-09,2.9240000000e-04,1.2530000000e-07,1.6300000000e-01
9.0000000000e+02,3.8408430000e+01,3.8260000000e-02,4.9230000000e-09,3.3890000000e-04,1.9050000000e-07,1.8660000000e-01
1.0000000000e+03,4.2234340000e+01,3.8260000000e-02,2.9830000000e-09,3.1060000000e-04,1.9930000000e-07,2.1050000000e-01
1.0000000000e+00,4.2272590000e+01,3.8260000000e-02,3.6370000000e-09,1.2600000000e-03,8.7350000000e-07,2.1070000000e-01
2.0000000000e+00,4.2310850000e+01,3.8260000000e-02,3.6290000000e-09,1.3120000000e-03,8.3400000000e-07,2.1100000000e-01
3.0000000000e+00,4.2349110000e+01,3.8260000000e-02,3.6210000000e-09,1.6230000000e-03,1.0080000000e-06,2.1120000000e-01
4.0000000000e+00,4.2387370000e+01,3.8260000000e-02,3.6120000000e-09,1.7090000000e-03,1.0640000000e-06,2.1140000000e-01
5.0000000000e+00,4.2425630000e+01,3.8260000000e-02,3.6020000000e-09,1.2930000000e-03,1.2220000000e-06,2.1170000000e-01
6.0000000000e+00,4.2463890000e+01,3.8260000000e-02,3.5920000000e-09,1.3600000000e-03,1.1790000000e-06,2.1190000000e-01
7.0000000000e+00,4.2502150000e+01,3.8260000000e-02,3.5810000000e-09,1.2560000000e-03,1.0100000000e-06,2.1220000000e-01
8.0000000000e+00,4.2540410000e+01,3.8260000000e-02,3.5690000000e-09,1.3720000000e-03,1.0660000000e-06,2.1240000000e-01
9.0000000000e+00,4.2578670000e+01,3.8260000000e-02,3.5580000000e-09,1.2500000000e-03,9.1320000000e-07,2.1260000000e-01
1.0000000000e+01,4.2616930000e+01,3.8260000000e-02,3.5470000000e-09,1.3770000000e-03,7.9100000000e-07,2.1290000000e-01
1.0000000000e+02,4.6060240000e+01,3.8260000000e-02,3.0100000000e-09,3.7620000000e-04,2.6800000000e-07,2.3470000000e-01
2.0000000000e+02,4.9886140000e+01,3.8260000000e-02,2.3680000000e-09,3.0890000000e-04,2.2570000000e-07,2.5930000000e-01
3.0000000000e+02,5.3712040000e+01,3.8260000000e-02,1.4790000000e-09,3.2830000000e-04,2.4550000000e-07,2.8410000000e-01
4.0000000000e+02,5.7537940000e+01,3.8260000000e-02,7.4070000000e-10,2.1200000000e-04,1.4100000000e-07,3.0920000000e-01
5.0000000000e+02,6.1363850000e+01,3.8260000000e-02,4.1690000000e-10,1.2050000000e-04,7.3810000000e-08,3.3430000000e-01
6.0000000000e+02,6.5189750000e+01,3.8260000000e-02,2.4190000000e-10,7.2560000000e-05,4.1520000000e-08,3.5940000000e-01
7.0000000000e+02,6.9015650000e+01,3.8260000000e-02,1.2540000000e-10,4.8050000000e-05,2.2480000000e-08,3.8450000000e-01
8.0000000000e+02,7.2841550000e+01,3.8260000000e-02,6.0770000000e-11,2.9960000000e-05,1.2340000000e-08,4.0970000000e-01
9.0000000000e+02,7.6667450000e+01,3.8260000000e-02,3.8270000000e-11,3.8840000000e-06,6.1670000000e-09,4.3490000000e-01
1.0000000000e+03,8.0493360000e+01,3.8260000000e-02,2.9210000000e-11,5.1290000000e-06,1.7810000000e-09,4.6000000000e-01
1.1000000000e+03,8.4319260000e+01,3.8260000000e-02,1.6140000000e-11,3.7700000000e-06,1.3040000000e-09,4.8520000000e-01
1.2000000000e+03,8.8145160000e+01,3.8260000000e-02,1.0150000000e-11,1.1860000000e-06,4.1360000000e-10,5.1030000000e-01
1.3000000000e+03,9.1971060000e+01,3.8260000000e-02,5.7270000000e-12,3.1800000000e-07,1.1680000000e-10,5.3550000000e-01
1.4000000000e+03,9.5796970000e+01,3.8260000000e-02,1.9180000000e-12,1.1040000000e-07,4.5710000000e-11,5.6060000000e-01
1.5000000000e+03,9.9622870000e+01,3.8260000000e-02,3.7670000000e-13,5.7070000000e-08,2.5050000000e-11,5.8580000000e-01
1.6000000000e+03,1.0344880000e+02,3.8260000000e-02,1.3960000000e-13,3.4000000000e-08,1.5030000000e-11,6.1090000000e-01
1.7000000000e+03,1.0727470000e+02,3.8260000000e-02,8.0030000000e-14,2.0710000000e-08,9.1290000000e-12,6.3610000000e-01
1.8000000000e+03,1.1110060000e+02,3.8260000000e-02,4.9330000000e-14,1.2690000000e-08,5.5750000000e-12,6.6120000000e-01
1.9000000000e+03,1.1492650000e+02,3.8260000000e-02,3.1140000000e-14,7.8330000000e-09,3.4300000000e-12,6.8640000000e-01
2.0000000000e+03,1.1875240000e+02,3.8260000000e-02,1.9930000000e-14,4.8770000000e-09,2.1300000000e-12,7.1160000000e-01
2.1000000000e+03,1.2257830000e+02,3.8260000000e-02,1.2870000000e-14,3.0660000000e-09,1.3360000000e-12,7.3670000000e-01
2.2000000000e+03,1.2640420000e+02,3.8260000000e-02,8.3610000000e-15,1.9460000000e-09,8.4660000000e-13,7.6190000000e-01
2.3000000000e+03,1.3023010000e+02,3.8260000000e-02,5.4620000000e-15,1.2460000000e-09,5.4120000000e-13,7.8700000000e-01
2.4000000000e+03,1.3405600000e+02,3.8260000000e-02,3.5830000000e-15,8.0400000000e-10,3.4880000000e-13,8.1220000000e-01
2.5000000000e+03,1.3788190000e+02,3.8260000000e-02,2.3570000000e-15,5.2210000000e-10,2.2630000000e-13,8.3730000000e-01
2.6000000000e+03,1.4170780000e+02,3.8260000000e-02,1.5550000000e-15,3.4090000000e-10,1.4760000000e-13,8.6250000000e-01
2.7000000000e+03,1.4553370000e+02,3.8260000000e-02,1.0280000000e-15,2.2340000000e-10,9.6700000000e-14,8.8760000000e-01
2.8000000000e+03,1.4935960000e+02,3.8260000000e-02,6.8000000000e-16,1.4700000000e-10,6.3570000000e-14,9.1280000000e-01
2.9000000000e+03,1.5318550000e+02,3.8260000000e-02,4.5050000000e-16,9.6900000000e-11,4.1900000000e-14,9.3790000000e-01
3.0000000000e+03,1.5701140000e+02,3.8260000000e-02,2.9870000000e-16,6.4020000000e-11,2.7670000000e-14,9.6310000000e-01
3.1000000000e+03,1.6083730000e+02,3.8260000000e-02,1.9820000000e-16,4.2350000000e-11,1.8300000000e-14,9.8830000000e-01
3.2000000000e+03,1.6466320000e+02,3.8260000000e-02,1.3160000000e-16,2.8050000000e-11,1.2120000000e-14,1.0130000000e+00
3.3000000000e+03,1.6848910000e+02,3.8260000000e-02,8.7360000000e-17,1.8600000000e-11,8.0330000000e-15,1.0390000000e+00
3.4000000000e+03,1.7231500000e+02,3.8260000000e-02,5.8040000000e-17,1.2330000000e-11,5.3280000000e-15,1.0640000000e+00
3.5000000000e+03,1.7614090000e+02,3.8260000000e-02,3.8560000000e-17,8.1860000000e-12,3.5350000000e-15,1.0890000000e+00
3.6000000000e+03,1.7996680000e+02,3.8260000000e-02,2.5630000000e-17,5.4340000000e-12,2.3460000000e-15,1.1140000000e+00
3.7000000000e+03,1.8379270000e+02,3.8260000000e-02,1.7040000000e-17,3.6090000000e-12,1.5580000000e-15,1.1390000000e+00
3.8000000000e+03,1.8761860000e+02,3.8260000000e-02,1.1330000000e-17,2.3970000000e-12,1.0350000000e-15,1.1640000000e+00
3.9000000000e+03,1.9144450000e+02,3.8260000000e-02,7.5370000000e-18,1.5930000000e-12,6.8710000000e-16,1.1890000000e+00
4.0000000000e+03,1.9527040000e+02,3.8260000000e-02,5.0150000000e-18,1.0580000000e-12,4.5640000000e-16,1.2150000000e+00
4.1000000000e+03,1.9909630000e+02,3.8260000000e-02,3.3370000000e-18,7.0320000000e-13,3.0320000000e-16,1.2400000000e+00
4.2000000000e+03,2.0292220000e+02,3.8260000000e-02,2.2220000000e-18,4.6740000000e-13,2.0150000000e-16,1.2650000000e+00
4.3000000000e+03,2.0674810000e+02,3.8260000000e-02,1.4790000000e-18,3.1070000000e-13,1.3390000000e-16,1.2900000000e+00
4.4000000000e+03,2.1057400000e+02,3.8260000000e-02,9.8570000000e-19,2.0650000000e-13,8.8940000000e-17,1.3150000000e+00
4.5000000000e+03,2.1439990000e+02,3.8260000000e-02,6.5700000000e-19,1.3730000000e-13,5.9100000000e-17,1.3400000000e+00
4.6000000000e+03,2.1822580000e+02,3.8260000000e-02,4.3810000000e-19,9.1330000000e-14,3.9280000000e-17,1.3660000000e+00
4.7000000000e+03,2.2205170000e+02,3.8260000000e-02,2.9240000000e-19,6.0750000000e-14,2.6100000000e-17,1.3910000000e+00
4.8000000000e+03,2.2587760000e+02,3.8260000000e-02,1.9530000000e-19,4.0410000000e-14,1.7350000000e-17,1.4160000000e+00
4.9000000000e+03,2.2970350000e+02,3.8260000000e-02,1.3050000000e-19,2.6890000000e-14,1.1530000000e-17,1.4410000000e+00
5.0000000000e+03,2.3352940000e+02,3.8260000000e-02,8.7310000000e-20,1.7900000000e-14,7.6670000000e-18,1.4660000000e+00
5.1000000000e+03,2.3735530000e+02,3.8260000000e-02,5.8470000000e-20,1.1920000000e-14,5.0970000000e-18,1.4910000000e+00
5.2000000000e+03,2.4118120000e+02,3.8260000000e-02,3.9210000000e-20,7.9390000000e-15,3.3890000000e-18,1.5170000000e+00
5.3000000000e+03,2.4500710000e+02,3.8260000000e-02,2.6330000000e-20,5.2900000000e-15,2.2540000000e-18,1.5420000000e+00
5.4000000000e+03,2.4883300000e+02,3.8260000000e-02,1.7710000000e-20,3.5270000000e-15,1.4990000000e-18,1.5670000000e+00
5.5000000000e+03,2.5265900000e+02,3.8260000000e-02,1.1930000000e-20,2.3530000000e-15,9.9730000000e-19,1.5920000000e+00
5.6000000000e+03,2.5648490000e+02,3.8260000000e-02,8.0520000000e-21,1.5710000000e-15,6.6360000000e-19,1.6170000000e+00
5.7000000000e+03,2.6031080000e+02,3.8260000000e-02,5.4460000000e-21,1.0490000000e-15,4.4170000000e-19,1.6420000000e+00
5.8000000000e+03,2.6413670000e+02,3.8260000000e-02,3.6920000000e-21,7.0160000000e-16,2.9400000000e-19,1.6670000000e+00
5.9000000000e+03,2.6796260000e+02,3.8260000000e-02,2.5100000000e-21,4.6960000000e-16,1.9580000000e-19,1.6930000000e+00
6.0000000000e+03,2.7178850000e+02,3.8260000000e-02,1.7110000000e-21,3.1470000000e-16,1.3050000000e-19,1.7180000000e+00
6.1000000000e+03,2.7561440000e+02,3.8260000000e-02,1.1690000000e-21,2.1110000000e-16,8.6980000000e-20,1.7430000000e+00
6.2000000000e+03,2.7944030000e+02,3.8260000000e-02,8.0220000000e-22,1.4190000000e-16,5.8010000000e-20,1.7680000000e+00
6.3000000000e+03,2.8326620000e+02,3.8260000000e-02,5.5120000000e-22,9.5480000000e-17,3.8720000000e-20,1.7930000000e+00
6.4000000000e+03,2.8709210000e+02,3.8260000000e-02,3.8030000000e-22,6.4370000000e-17,2.5860000000e-20,1.8180000000e+00
6.5000000000e+03,2.9091800000e+02,3.8260000000e-02,2.6310000000e-22,4.3490000000e-17,1.7280000000e-20,1.8440000000e+00
6.6000000000e+03,2.9474390000e+02,3.8260000000e-02,1.8260000000e-22,2.9450000000e-17,1.1560000000e-20,1.8690000000e+00
6.7000000000e+03,2.9856980000e+02,3.8260000000e-02,1.2720000000e-22,1.9990000000e-17,7.7460000000e-21,1.8940000000e+00
6.8000000000e+03,3.0239570000e+02,3.8260000000e-02,8.8820000000e-23,1.3600000000e-17,5.1950000000e-21,1.9190000000e+00
6.9000000000e+03,3.0622160000e+02,3.8260000000e-02,6.7460000000e-23,9.2800000000e-18,3.4890000000e-21,1.9440000000e+00
7.0000000000e+03,3.1004750000e+02,3.8260000000e-02,4.3710000000e-23,6.3540000000e-18,2.3470000000e-21,1.9690000000e+00
7.1000000000e+03,3.1387340000e+02,3.8260000000e-02,3.0790000000e-23,4.3620000000e-18,1.5810000000e-21,1.9940000000e+00
7.2000000000e+03,3.1769930000e+02,3.8260000000e-02,2.1740000000e-23,3.0010000000e-18,1.0680000000e-21,2.0200000000e+00
7.3000000000e+03,3.2152520000e+02,3.8260000000e-02,1.5380000000e-23,2.0730000000e-18,7.2220000000e-22,2.0450000000e+00
7.4000000000e+03,3.2535110000e+02,3.8260000000e-02,1.0900000000e-23,1.4410000000e-18,4.9000000000e-22,2.0700000000e+00
7.5000000000e+03,3.2917700000e+02,3.8260000000e-02,7.7470000000e-24,9.9640000000e-19,3.3290000000e-22,2.0950000000e+00
7.6000000000e+03,3.3300290000e+02,3.8260000000e-02,5.5120000000e-24,6.9820000000e-19,2.2700000000e-22,2.1200000000e+00
7.7000000000e+03,3.3682880000e+02,3.8260000000e-02,3.9420000000e-24,4.8440000000e-19,1.5590000000e-22,2.1450000000e+00
7.8000000000e+03,3.4065470000e+02,3.8260000000e-02,2.8020000000e-24,3.4290000000e-19,1.0620000000e-22,2.1710000000e+00
7.9000000000e+03,3.4448060000e+02,3.8260000000e-02,2.0030000000e-24,2.4100000000e-19,7.3470000000e-23,2.1960000000e+00
8.0000000000e+03,3.4830650000e+02,3.8260000000e-02,1.4320000000e-24,1.6890000000e-19,5.0580000000e-23,2.2210000000e+00
8.1000000000e+03,3.5213240000e+02,3.8260000000e-02,1.0240000000e-24,1.2460000000e-19,3.4760000000e-23,2.2460000000e+00
8.2000000000e+03,3.5595830000e+02,3.8260000000e-02,7.3240000000e-25,8.2120000000e-20,2.4640000000e-23,2.2710000000e+00
8.3000000000e+03,3.5978420000e+02,3.8260000000e-02,5.2630000000e-25,6.2260000000e-20,1.7100000000e-23,2.2960000000e+00
8.4000000000e+03,3.6361010000e+02,3.8260000000e-02,3.7590000000e-25,4.0760000000e-20,1.1500000000e-23,2.3210000000e+00
8.5000000000e+03,3.6743600000e+02,3.8260000000e-02,2.6950000000e-25,2.9580000000e-20,8.2030000000e-24,2.3470000000e+00
8.6000000000e+03,3.7126190000e+02,3.8260000000e-02,1.9960000000e-25,2.1960000000e-20,5.9800000000e-24,2.3720000000e+00
8.7000000000e+03,3.7508780000e+02,3.8260000000e-02,1.3570000000e-25,1.5240000000e-20,3.8210000000e-24,2.3970000000e+00
8.8000000000e+03,3.7891370000e+02,3.8260000000e-02,1.0010000000e-25,8.9660000000e-21,2.5820000000e-24,2.4220000000e+00
8.9000000000e+03,3.8273960000e+02,3.8260000000e-02,7.1250000000e-26,8.9660000000e-21,1.8350000000e-24,2.4470000000e+00
9.0000000000e+03,3.8656550000e+02,3.8260000000e-02,4.8450000000e-26,2.9890000000e-21,1.2540000000e-24,2.4720000000e+00
9.1000000000e+03,3.9039140000e+02,3.8260000000e-02,3.9100000000e-26,5.9770000000e-21,9.1770000000e-25,2.4980000000e+00
9.2000000000e+03,3.9421730000e+02,3.8260000000e-02,2.9930000000e-26,2.9890000000e-21,7.8090000000e-25,2.5230000000e+00
9.3000000000e+03,3.9804320000e+02,3.8260000000e-02,0.0000000000e+00,0.0000000000e+00,0.0000000000e+00,2.5480000000e+00
9.4000000000e+03,4.0186910000e+02,3.8260000000e-02,0.0000000000e+00,0.0000000000e+00,0.0000000000e+00,2.5730000000e+00
9.5000000000e+03,4.0569500000e+02,3.8260000000e-02,0.0000000000e+00,0.0000000000e+00,0.0000000000e+00,2.5980000000e+00
9.6000000000e+03,4.0952090000e+02,3.8260000000e-02,0.0000000000e+00,0.0000000000e+00,0.0000000000e+00,2.6230000000e+00
9.7000000000e+03,4.1334680000e+02,3.8260000000e-02,0.0000000000e+00,0.0000000000e+00,0.0000000000e+00,2.6480000000e+00
9.8000000000e+03,4.1717270000e+02,3.8260000000e-02,0.0000000000e+00,0.0000000000e+00,0.0000000000e+00,2.6740000000e+00
9.8740000000e+03,4.2000000000e+02,3.4350000000e-02,1.3750000000e-24,0.0000000000e+00,0.0000000000e+00,2.6920000000e+00
1.0000000000e+00,4.2003830000e+02,3.8260000000e-02,9.3620000000e-22,9.8970000000e-18,7.9870000000e-21,2.6920000000e+00
2.0000000000e+00,4.2007650000e+02,3.8260000000e-02,6.6320000000e-22,6.9910000000e-18,6.7980000000e-21,2.6930000000e+00
3.0000000000e+00,4.2011480000e+02,3.8260000000e-02,5.6860000000e-22,6.3310000000e-18,5.1620000000e-21,2.6930000000e+00
4.0000000000e+00,4.2015300000e+02,3.8260000000e-02,5.7700000000e-22,6.4620000000e-18,4.9080000000e-21,2.6930000000e+00
5.0000000000e+00,4.2019130000e+02,3.8260000000e-02,4.4630000000e-22,5.2270000000e-18,4.8270000000e-21,2.6930000000e+00
6.0000000000e+00,4.2022960000e+02,3.8260000000e-02,3.6020000000e-22,6.3310000000e-18,4.7730000000e-21,2.6940000000e+00
7.0000000000e+00,4.2026780000e+02,3.8260000000e-02,3.9130000000e-22,6.5430000000e-18,4.7530000000e-21,2.6940000000e+00
8.0000000000e+00,4.2030610000e+02,3.8260000000e-02,5.1940000000e-22,6.8360000000e-18,3.8970000000e-21,2.6940000000e+00
9.0000000000e+00,4.2034430000e+02,3.8260000000e-02,4.4270000000e-22,5.6360000000e-18,3.9890000000e-21,2.6940000000e+00
1.0000000000e+01,4.2038260000e+02,3.8260000000e-02,4.4090000000e-22,6.7830000000e-18,3.9510000000e-21,2.6950000000e+00
1.0000000000e+02,4.2382590000e+02,3.8260000000e-02,2.8460000000e-23,1.5820000000e-18,6.2810000000e-22,2.7170000000e+00
2.0000000000e+02,4.2765180000e+02,3.8260000000e-02,2.3670000000e-24,1.2640000000e-19,4.1720000000e-23,2.7430000000e+00
3.0000000000e+02,4.3147770000e+02,3.8260000000e-02,1.0520000000e-25,3.5360000000e-20,1.2540000000e-23,2.7680000000e+00
4.0000000000e+02,4.3530360000e+02,3.8260000000e-02,5.6480000000e-26,1.9370000000e-20,5.6970000000e-24,2.7930000000e+00
5.0000000000e+02,4.3912950000e+02,3.8260000000e-02,2.7820000000e-26,1.2700000000e-20,5.2180000000e-24,2.8180000000e+00
6.0000000000e+02,4.4295540000e+02,3.8260000000e-02,0.0000000000e+00,0.0000000000e+00,0.0000000000e+00,2.8430000000e+00
7.0000000000e+02,4.4678130000e+02,3.8260000000e-02,0.0000000000e+00,0.0000000000e+00,0.0000000000e+00,2.8680000000e+00
8.0000000000e+02,4.5060720000e+02,3.8260000000e-02,0.0000000000e+00,0.0000000000e+00,0.0000000000e+00,2.8930000000e+00
9.0000000000e+02,4.5443310000e+02,3.8260000000e-02,0.0000000000e+00,0.0000000000e+00,0.0000000000e+00,2.9190000000e+00
1.0000000000e+03,4.5825900000e+02,3.8260000000e-02,0.0000000000e+00,0.0000000000e+00,0.0000000000e+00,2.9440000000e+00
1.1000000000e+03,4.6208490000e+02,3.8260000000e-02,0.0000000000e+00,0.0000000000e+00,0.0000000000e+00,2.9690000000e+00
1.2000000000e+03,4.6591080000e+02,3.8260000000e-02,0.0000000000e+00,0.0000000000e+00,0.0000000000e+00,2.9940000000e+00
1.3000000000e+03,4.6973670000e+02,3.8260000000e-02,0.0000000000e+00,0.0000000000e+00,0.0000000000e+00,3.0190000000e+00
1.4000000000e+03,4.7356260000e+02,3.8260000000e-02,0.0000000000e+00,0.0000000000e+00,0.0000000000e+00,3.0440000000e+00
1.5000000000e+03,4.7738850000e+02,3.8260000000e-02,0.0000000000e+00,0.0000000000e+00,0.0000000000e+00,3.0700000000e+00
1.6000000000e+03,4.8121440000e+02,3.8260000000e-02,0.0000000000e+00,0.0000000000e+00,0.0000000000e+00,3.0950000000e+00
1.7000000000e+03,4.8504030000e+02,3.8260000000e-02,0.0000000000e+00,0.0000000000e+00,0.0000000000e+00,3.1200000000e+00
1.8000000000e+03,4.8886620000e+02,3.8260000000e-02,0.0000000000e+00,0.0000000000e+00,0.0000000000e+00,3.1450000000e+00
1.9000000000e+03,4.9269210000e+02,3.8260000000e-02,0.0000000000e+00,0.0000000000e+00,0.0000000000e+00,3.1700000000e+00
2.0000000000e+03,4.9651800000e+02,3.8260000000e-02,0.0000000000e+00,0.0000000000e+00,0.0000000000e+00,3.1950000000e+00
2.1000000000e+03,5.0034390000e+02,3.8260000000e-02,0.0000000000e+00,0.0000000000e+00,0.0000000000e+00,3.2200000000e+00
2.2000000000e+03,5.0416980000e+02,3.8260000000e-02,0.0000000000e+00,0.0000000000e+00,0.0000000000e+00,3.2460000000e+00
2.3000000000e+03,5.0799570000e+02,3.8260000000e-02,0.0000000000e+00,0.0000000000e+00,0.0000000000e+00,3.2710000000e+00
2.4000000000e+03,5.1182160000e+02,3.8260000000e-02,0.0000000000e+00,0.0000000000e+00,0.0000000000e+00,3.2960000000e+00
2.5000000000e+03,5.1564760000e+02,3.8260000000e-02,0.0000000000e+00,0.0000000000e+00,0.0000000000e+00,3.3210000000e+00
2.6000000000e+03,5.1947350000e+02,3.8260000000e-02,0.0000000000e+00,0.0000000000e+00,0.0000000000e+00,3.3460000000e+00
2.7000000000e+03,5.2329940000e+02,3.8260000000e-02,0.0000000000e+00,0.0000000000e+00,0.0000000000e+00,3.3710000000e+00
2.8000000000e+03,5.2712530000e+02,3.8260000000e-02,0.0000000000e+00,0.0000000000e+00,0.0000000000e+00,3.3970000000e+00
2.9000000000e+03,5.3095120000e+02,3.8260000000e-02,0.0000000000e+00,0.0000000000e+00,0.0000000000e+00,3.4220000000e+00
3.0000000000e+03,5.3477710000e+02,3.8260000000e-02,0.0000000000e+00,0.0000000000e+00,0.0000000000e+00,3.4470000000e+00
3.1000000000e+03,5.3860300000e+02,3.8260000000e-02,0.0000000000e+00,0.0000000000e+00,0.0000000000e+00,3.4720000000e+00
3.2000000000e+03,5.4242890000e+02,3.8260000000e-02,0.0000000000e+00,0.0000000000e+00,0.0000000000e+00,3.4970000000e+00
3.3000000000e+03,5.4625480000e+02,3.8260000000e-02,0.0000000000e+00,0.0000000000e+00,0.0000000000e+00,3.5220000000e+00
3.4000000000e+03,5.5008070000e+02,3.8260000000e-02,0.0000000000e+00,0.0000000000e+00,0.0000000000e+00,3.5470000000e+00
3.5000000000e+03,5.5390660000e+02,3.8260000000e-02,0.0000000000e+00,0.0000000000e+00,0.0000000000e+00,3.5730000000e+00
3.6000000000e+03,5.5773250000e+02,3.8260000000e-02,0.0000000000e+00,0.0000000000e+00,0.0000000000e+00,3.5980000000e+00
3.7000000000e+03,5.6155840000e+02,3.8260000000e-02,0.0000000000e+00,0.0000000000e+00,0.0000000000e+00,3.6230000000e+00
3.8000000000e+03,5.6538430000e+02,3.8260000000e-02,0.0000000000e+00,0.0000000000e+00,0.0000000000e+00,3.6480000000e+00
3.9000000000e+03,5.6921020000e+02,3.8260000000e-02,0.0000000000e+00,0.0000000000e+00,0.0000000000e+00,3.6730000000e+00
4.0000000000e+03,5.7303610000e+02,3.8260000000e-02,0.0000000000e+00,0.0000000000e+00,0.0000000000e+00,3.6980000000e+00
4.1000000000e+03,5.7686200000e+02,3.8260000000e-02,0.0000000000e+00,0.0000000000e+00,0.0000000000e+00,3.7240000000e+00
4.2000000000e+03,5.8068790000e+02,3.8260000000e-02,0.0000000000e+00,0.0000000000e+00,0.0000000000e+00,3.7490000000e+00
4.3000000000e+03,5.8451380000e+02,3.8260000000e-02,0.0000000000e+00,0.0000000000e+00,0.0000000000e+00,3.7740000000e+00
4.4000000000e+03,5.8833970000e+02,3.8260000000e-02,0.0000000000e+00,0.0000000000e+00,0.0000000000e+00,3.7990000000e+00
4.5000000000e+03,5.9216560000e+02,3.8260000000e-02,0.0000000000e+00,0.0000000000e+00,0.0000000000e+00,3.8240000000e+00
4.6000000000e+03,5.9599150000e+02,3.8260000000e-02,0.0000000000e+00,0.0000000000e+00,0.0000000000e+00,3.8490000000e+00
4.7000000000e+03,5.9981740000e+02,3.8260000000e-02,0.0000000000e+00,0.0000000000e+00,0.0000000000e+00,3.8740000000e+00
4.8000000000e+03,6.0364330000e+02,3.8260000000e-02,0.0000000000e+00,0.0000000000e+00,0.0000000000e+00,3.9000000000e+00
4.9000000000e+03,6.0746920000e+02,3.8260000000e-02,0.0000000000e+00,0.0000000000e+00,0.0000000000e+00,3.9250000000e+00
5.0000000000e+03,6.1129510000e+02,3.8260000000e-02,0.0000000000e+00,0.0000000000e+00,0.0000000000e+00,3.9500000000e+00
5.1000000000e+03,6.1512100000e+02,3.8260000000e-02,0.0000000000e+00,0.0000000000e+00,0.0000000000e+00,3.9750000000e+00
5.2000000000e+03,6.1894690000e+02,3.8260000000e-02,0.0000000000e+00,0.0000000000e+00,0.0000000000e+00,4.0000000000e+00
5.3000000000e+03,6.2277280000e+02,3.8260000000e-02,0.0000000000e+00,0.0000000000e+00,0.0000000000e+00,4.0250000000e+00
5.4000000000e+03,6.2659870000e+02,3.8260000000e-02,0.0000000000e+00,0.0000000000e+00,0.0000000000e+00,4.0510000000e+00
5.5000000000e+03,6.3042460000e+02,3.8260000000e-02,0.0000000000e+00,0.0000000000e+00,0.0000000000e+00,4.0760000000e+00
5.6000000000e+03,6.3425050000e+02,3.8260000000e-02,0.0000000000e+00,0.0000000000e+00,0.0000000000e+00,4.1010000000e+00
5.7000000000e+03,6.3807640000e+02,3.8260000000e-02,0.0000000000e+00,0.0000000000e+00,0.0000000000e+00,4.1260000000e+00
5.8000000000e+03,6.4190230000e+02,3.8260000000e-02,0.0000000000e+00,0.0000000000e+00,0.0000000000e+00,4.1510000000e+00
5.9000000000e+03,6.4572820000e+02,3.8260000000e-02,0.0000000000e+00,0.0000000000e+00,0.0000000000e+00,4.1760000000e+00
6.0000000000e+03,6.4955410000e+02,3.8260000000e-02,0.0000000000e+00,0.0000000000e+00,0.0000000000e+00,4.2010000000e+00
6.1000000000e+03,6.5338000000e+02,3.8260000000e-02,0.0000000000e+00,0.0000000000e+00,0.0000000000e+00,4.2270000000e+00
6.2000000000e+03,6.5720590000e+02,3.8260000000e-02,0.0000000000e+00,0.0000000000e+00,0.0000000000e+00,4.2520000000e+00
6.3000000000e+03,6.6103180000e+02,3.8260000000e-02,0.0000000000e+00,0.0000000000e+00,0.0000000000e+00,4.2770000000e+00
6.4000000000e+03,6.6485770000e+02,3.8260000000e-02,0.0000000000e+00,0.0000000000e+00,0.0000000000e+00,4.3020000000e+00
6.5000000000e+03,6.6868360000e+02,3.8260000000e-02,0.0000000000e+00,0.0000000000e+00,0.0000000000e+00,4.3270000000e+00
6.6000000000e+03,6.7250950000e+02,3.8260000000e-02,0.0000000000e+00,0.0000000000e+00,0.0000000000e+00,4.3520000000e+00
6.7000000000e+03,6.7633540000e+02,3.8260000000e-02,0.0000000000e+00,0.0000000000e+00,0.0000000000e+00,4.3780000000e+00
6.8000000000e+03,6.8016130000e+02,3.8260000000e-02,0.0000000000e+00,0.0000000000e+00,0.0000000000e+00,4.4030000000e+00
6.9000000000e+03,6.8398720000e+02,3.8260000000e-02,0.0000000000e+00,0.0000000000e+00,0.0000000000e+00,4.4280000000e+00
7.0000000000e+03,6.8781310000e+02,3.8260000000e-02,0.0000000000e+00,0.0000000000e+00,0.0000000000e+00,4.4530000000e+00
7.1000000000e+03,6.9163900000e+02,3.8260000000e-02,0.0000000000e+00,0.0000000000e+00,0.0000000000e+00,4.4780000000e+00
7.2000000000e+03,6.9546490000e+02,3.8260000000e-02,0.0000000000e+00,0.0000000000e+00,0.0000000000e+00,4.5030000000e+00
7.3000000000e+03,6.9929090000e+02,3.8260000000e-02,0.0000000000e+00,0.0000000000e+00,0.0000000000e+00,4.5290000000e+00
7.4000000000e+03,7.0311680000e+02,3.8260000000e-02,0.0000000000e+00,0.0000000000e+00,0.0000000000e+00,4.5540000000e+00
7.5000000000e+03,7.0694270000e+02,3.8260000000e-02,0.0000000000e+00,0.0000000000e+00,0.0000000000e+00,4.5790000000e+00
7.6000000000e+03,7.1076860000e+02,3.8260000000e-02,0.0000000000e+00,0.0000000000e+00,0.0000000000e+00,4.6040000000e+00
7.7000000000e+03,7.1459450000e+02,3.8260000000e-02,0.0000000000e+00,0.0000000000e+00,0.0000000000e+00,4.6290000000e+00
7.8000000000e+03,7.1842040000e+02,3.8260000000e-02,0.0000000000e+00,0.0000000000e+00,0.0000000000e+00,4.6540000000e+00
7.9000000000e+03,7.2224630000e+02,3.8260000000e-02,0.0000000000e+00,0.0000000000e+00,0.0000000000e+00,4.6790000000e+00
8.0000000000e+03,7.2607220000e+02,3.8260000000e-02,0.0000000000e+00,0.0000000000e+00,0.0000000000e+00,4.7050000000e+00
8.1000000000e+03,7.2989810000e+02,3.8260000000e-02,0.0000000000e+00,0.0000000000e+00,0.0000000000e+00,4.7300000000e+00
8.2000000000e+03,7.3372400000e+02,3.8260000000e-02,0.0000000000e+00,0.0000000000e+00,0.0000000000e+00,4.7550000000e+00
8.3000000000e+03,7.3754990000e+02,3.8260000000e-02,0.0000000000e+00,0.0000000000e+00,0.0000000000e+00,4.7800000000e+00
8.4000000000e+03,7.4137580000e+02,3.8260000000e-02,0.0000000000e+00,0.0000000000e+00,0.0000000000e+00,4.8050000000e+00
8.5000000000e+03,7.4520170000e+02,3.8260000000e-02,0.0000000000e+00,0.0000000000e+00,0.0000000000e+00,4.8300000000e+00
8.6000000000e+03,7.4902760000e+02,3.8260000000e-02,0.0000000000e+00,0.0000000000e+00,0.0000000000e+00,4.8560000000e+00
8.7000000000e+03,7.5285350000e+02,3.8260000000e-02,0.0000000000e+00,0.0000000000e+00,0.0000000000e+00,4.8810000000e+00
8.8000000000e+03,7.5667940000e+02,3.8260000000e-02,0.0000000000e+00,0.0000000000e+00,0.0000000000e+00,4.9060000000e+00
8.9000000000e+03,7.6050530000e+02,3.8260000000e-02,0.0000000000e+00,0.0000000000e+00,0.0000000000e+00,4.9310000000e+00
9.0000000000e+03,7.6433120000e+02,3.8260000000e-02,0.0000000000e+00,0.0000000000e+00,0.0000000000e+00,4.9560000000e+00
9.1000000000e+03,7.6815710000e+02,3.8260000000e-02,0.0000000000e+00,0.0000000000e+00,0.0000000000e+00,4.9810000000e+00
9.2000000000e+03,7.7198300000e+02,3.8260000000e-02,0.0000000000e+00,0.0000000000e+00,0.0000000000e+00,5.0060000000e+00
9.3000000000e+03,7.7580890000e+02,3.8260000000e-02,0.0000000000e+00,0.0000000000e+00,0.0000000000e+00,5.0320000000e+00
9.4000000000e+03,7.7963480000e+02,3.8260000000e-02,0.0000000000e+00,0.0000000000e+00,0.0000000000e+00,5.0570000000e+00
9.5000000000e+03,7.8346070000e+02,3.8260000000e-02,0.0000000000e+00,0.0000000000e+00,0.0000000000e+00,5.0820000000e+00
9.6000000000e+03,7.8728660000e+02,3.8260000000e-02,0.0000000000e+00,0.0000000000e+00,0.0000000000e+00,5.1070000000e+00
9.7000000000e+03,7.9111250000e+02,3.8260000000e-02,0.0000000000e+00,0.0000000000e+00,0.0000000000e+00,5.1320000000e+00
9.8000000000e+03,7.9493840000e+02,3.8260000000e-02,0.0000000000e+00,0.0000000000e+00,0.0000000000e+00,5.1570000000e+00
9.9000000000e+03,7.9876430000e+02,3.8260000000e-02,0.0000000000e+00,0.0000000000e+00,0.0000000000e+00,5.1830000000e+00
1.0000000000e+04,8.0259020000e+02,3.8260000000e-02,0.0000000000e+00,0.0000000000e+00,0.0000000000e+00,5.2080000000e+00
1.0100000000e+04,8.0641610000e+02,3.8260000000e-02,0.0000000000e+00,0.0000000000e+00,0.0000000000e+00,5.2330000000e+00
1.0200000000e+04,8.1024200000e+02,3.8260000000e-02,0.0000000000e+00,0.0000000000e+00,0.0000000000e+00,5.2580000000e+00
1.0300000000e+04,8.1406790000e+02,3.8260000000e-02,0.0000000000e+00,0.0000000000e+00,0.0000000000e+00,5.2830000000e+00
1.0400000000e+04,8.1789380000e+02,3.8260000000e-02,0.0000000000e+00,0.0000000000e+00,0.0000000000e+00,5.3080000000e+00
1.0500000000e+04,8.2171970000e+02,3.8260000000e-02,0.0000000000e+00,0.0000000000e+00,0.0000000000e+00,5.3330000000e+00
1.0600000000e+04,8.2554560000e+02,3.8260000000e-02,0.0000000000e+00,0.0000000000e+00,0.0000000000e+00,5.3590000000e+00
1.0700000000e+04,8.2937150000e+02,3.8260000000e-02,0.0000000000e+00,0.0000000000e+00,0.0000000000e+00,5.3840000000e+00
1.0800000000e+04,8.3319740000e+02,3.8260000000e-02,0.0000000000e+00,0.0000000000e+00,0.0000000000e+00,5.4090000000e+00
1.0900000000e+04,8.3702330000e+02,3.8260000000e-02,0.0000000000e+00,0.0000000000e+00,0.0000000000e+00,5.4340000000e+00
1.0978000000e+04,8.4000000000e+02,3.0730000000e-02,2.5360000000e-24,0.0000000000e+00,0.0000000000e+00,5.4540000000e+00
1.0000000000e+00,8.4003830000e+02,3.8260000000e-02,5.5680000000e-22,7.9870000000e-18,5.7620000000e-21,5.4540000000e+00
2.0000000000e+00,8.4007650000e+02,3.8260000000e-02,4.4000000000e-22,6.2130000000e-18,5.2890000000e-21,5.4540000000e+00
3.0000000000e+00,8.4011480000e+02,3.8260000000e-02,4.0670000000e-22,4.0900000000e-18,2.3090000000e-21,5.4540000000e+00
4.0000000000e+00,8.4015300000e+02,3.8260000000e-02,3.6610000000e-22,2.7800000000e-18,2.1750000000e-21,5.4550000000e+00
5.0000000000e+00,8.4019130000e+02,3.8260000000e-02,3.3900000000e-22,1.2770000000e-18,7.0080000000e-22,5.4550000000e+00
6.0000000000e+00,8.4022960000e+02,3.8260000000e-02,3.6300000000e-22,0.0000000000e+00,5.1590000000e-23,5.4550000000e+00
7.0000000000e+00,8.4026780000e+02,3.8260000000e-02,3.2680000000e-22,0.0000000000e+00,3.6480000000e-23,5.4550000000e+00
8.0000000000e+00,8.4030610000e+02,3.8260000000e-02,3.3480000000e-22,0.0000000000e+00,3.6480000000e-23,5.4560000000e+00
9.0000000000e+00,8.4034430000e+02,3.8260000000e-02,3.3460000000e-22,0.0000000000e+00,3.6480000000e-23,5.4560000000e+00
1.0000000000e+01,8.4038260000e+02,3.8260000000e-02,3.1830000000e-22,0.0000000000e+00,3.6480000000e-23,5.4560000000e+00
1.0000000000e+02,8.4382590000e+02,3.8260000000e-02,2.1450000000e-24,0.0000000000e+00,0.0000000000e+00,5.4790000000e+00
2.0000000000e+02,8.4765180000e+02,3.8260000000e-02,0.0000000000e+00,0.0000000000e+00,0.0000000000e+00,5.5040000000e+00
3.0000000000e+02,8.5147770000e+02,3.8260000000e-02,0.0000000000e+00,0.0000000000e+00,0.0000000000e+00,5.5290000000e+00
4.0000000000e+02,8.5530360000e+02,3.8260000000e-02,0.0000000000e+00,0.0000000000e+00,0.0000000000e+00,5.5540000000e+00
5.0000000000e+02,8.5912950000e+02,3.8260000000e-02,0.0000000000e+00,0.0000000000e+00,0.0000000000e+00,5.5790000000e+00
6.0000000000e+02,8.6295540000e+02,3.8260000000e-02,0.0000000000e+00,0.0000000000e+00,0.0000000000e+00,5.6050000000e+00
7.0000000000e+02,8.6678130000e+02,3.8260000000e-02,0.0000000000e+00,0.0000000000e+00,0.0000000000e+00,5.6300000000e+00
8.0000000000e+02,8.7060720000e+02,3.8260000000e-02,0.0000000000e+00,0.0000000000e+00,0.0000000000e+00,5.6550000000e+00
9.0000000000e+02,8.7443310000e+02,3.8260000000e-02,0.0000000000e+00,0.0000000000e+00,0.0000000000e+00,5.6800000000e+00
1.0000000000e+03,8.7825900000e+02,3.8260000000e-02,0.0000000000e+00,0.0000000000e+00,0.0000000000e+00,5.7050000000e+00
1.1000000000e+03,8.8208490000e+02,3.8260000000e-02,0.0000000000e+00,0.0000000000e+00,0.0000000000e+00,5.7300000000e+00
1.2000000000e+03,8.8591080000e+02,3.8260000000e-02,0.0000000000e+00,0.0000000000e+00,0.0000000000e+00,5.7560000000e+00
1.3000000000e+03,8.8973670000e+02,3.8260000000e-02,0.0000000000e+00,0.0000000000e+00,0.0000000000e+00,5.7810000000e+00
1.4000000000e+03,8.9356260000e+02,3.8260000000e-02,0.0000000000e+00,0.0000000000e+00,0.0000000000e+00,5.8060000000e+00
1.5000000000e+03,8.9738850000e+02,3.8260000000e-02,0.0000000000e+00,0.0000000000e+00,0.0000000000e+00,5.8310000000e+00
1.6000000000e+03,9.0121440000e+02,3.8260000000e-02,0.0000000000e+00,0.0000000000e+00,0.0000000000e+00,5.8560000000e+00
1.7000000000e+03,9.0504030000e+02,3.8260000000e-02,0.0000000000e+00,0.0000000000e+00,0.0000000000e+00,5.8810000000e+00
1.8000000000e+03,9.0886620000e+02,3.8260000000e-02,0.0000000000e+00,0.0000000000e+00,0.0000000000e+00,5.9060000000e+00
1.9000000000e+03,9.1269210000e+02,3.8260000000e-02,0.0000000000e+00,0.0000000000e+00,0.0000000000e+00,5.9320000000e+00
2.0000000000e+03,9.1651800000e+02,3.8260000000e-02,0.0000000000e+00,0.0000000000e+00,0.0000000000e+00,5.9570000000e+00
2.1000000000e+03,9.2034390000e+02,3.8260000000e-02,0.0000000000e+00,0.0000000000e+00,0.0000000000e+00,5.9820000000e+00
2.2000000000e+03,9.2416980000e+02,3.8260000000e-02,0.0000000000e+00,0.0000000000e+00,0.0000000000e+00,6.0070000000e+00
2.3000000000e+03,9.2799570000e+02,3.8260000000e-02,0.0000000000e+00,0.0000000000e+00,0.0000000000e+00,6.0320000000e+00
2.4000000000e+03,9.3182160000e+02,3.8260000000e-02,0.0000000000e+00,0.0000000000e+00,0.0000000000e+00,6.0570000000e+00
2.5000000000e+03,9.3564760000e+02,3.8260000000e-02,0.0000000000e+00,0.0000000000e+00,0.0000000000e+00,6.0830000000e+00
2.6000000000e+03,9.3947350000e+02,3.8260000000e-02,0.0000000000e+00,0.0000000000e+00,0.0000000000e+00,6.1080000000e+00
2.7000000000e+03,9.4329940000e+02,3.8260000000e-02,0.0000000000e+00,0.0000000000e+00,0.0000000000e+00,6.1330000000e+00
2.8000000000e+03,9.4712530000e+02,3.8260000000e-02,0.0000000000e+00,0.0000000000e+00,0.0000000000e+00,6.1580000000e+00
2.9000000000e+03,9.5095120000e+02,3.8260000000e-02,0.0000000000e+00,0.0000000000e+00,0.0000000000e+00,6.1830000000e+00
3.0000000000e+03,9.5477710000e+02,3.8260000000e-02,0.0000000000e+00,0.0000000000e+00,0.0000000000e+00,6.2080000000e+00
3.1000000000e+03,9.5860300000e+02,3.8260000000e-02,0.0000000000e+00,0.0000000000e+00,0.0000000000e+00,6.2330000000e+00
3.2000000000e+03,9.6242890000e+02,3.8260000000e-02,0.0000000000e+00,0.0000000000e+00,0.0000000000e+00,6.2590000000e+00
3.3000000000e+03,9.6625480000e+02,3.8260000000e-02,0.0000000000e+00,0.0000000000e+00,0.0000000000e+00,6.2840000000e+00
3.4000000000e+03,9.7008070000e+02,3.8260000000e-02,0.0000000000e+00,0.0000000000e+00,0.0000000000e+00,6.3090000000e+00
3.5000000000e+03,9.7390660000e+02,3.8260000000e-02,0.0000000000e+00,0.0000000000e+00,0.0000000000e+00,6.3340000000e+00
3.6000000000e+03,9.7773250000e+02,3.8260000000e-02,0.0000000000e+00,0.0000000000e+00,0.0000000000e+00,6.3590000000e+00
3.7000000000e+03,9.8155840000e+02,3.8260000000e-02,0.0000000000e+00,0.0000000000e+00,0.0000000000e+00,6.3840000000e+00
3.8000000000e+03,9.8538430000e+02,3.8260000000e-02,0.0000000000e+00,0.0000000000e+00,0.0000000000e+00,6.4100000000e+00
3.9000000000e+03,9.8921020000e+02,3.8260000000e-02,0.0000000000e+00,0.0000000000e+00,0.0000000000e+00,6.4350000000e+00
4.0000000000e+03,9.9303610000e+02,3.8260000000e-02,0.0000000000e+00,0.0000000000e+00,0.0000000000e+00,6.4600000000e+00
4.1000000000e+03,9.9686200000e+02,3.8260000000e-02,0.0000000000e+00,0.0000000000e+00,0.0000000000e+00,6.4850000000e+00
4.2000000000e+03,1.0006880000e+03,3.8260000000e-02,0.0000000000e+00,0.0000000000e+00,0.0000000000e+00,6.5100000000e+00
4.3000000000e+03,1.0045140000e+03,3.8260000000e-02,0.0000000000e+00,0.0000000000e+00,0.0000000000e+00,6.5350000000e+00
4.4000000000e+03,1.0083400000e+03,3.8260000000e-02,0.0000000000e+00,0.0000000000e+00,0.0000000000e+00,6.5600000000e+00
4.5000000000e+03,1.0121660000e+03,3.8260000000e-02,0.0000000000e+00,0.0000000000e+00,0.0000000000e+00,6.5860000000e+00
4.6000000000e+03,1.0159910000e+03,3.8260000000e-02,0.0000000000e+00,0.0000000000e+00,0.0000000000e+00,6.6110000000e+00
4.7000000000e+03,1.0198170000e+03,3.8260000000e-02,0.0000000000e+00,0.0000000000e+00,0.0000000000e+00,6.6360000000e+00
4.8000000000e+03,1.0236430000e+03,3.8260000000e-02,0.0000000000e+00,0.0000000000e+00,0.0000000000e+00,6.6610000000e+00
4.9000000000e+03,1.0274690000e+03,3.8260000000e-02,0.0000000000e+00,0.0000000000e+00,0.0000000000e+00,6.6860000000e+00
5.0000000000e+03,1.0312950000e+03,3.8260000000e-02,0.0000000000e+00,0.0000000000e+00,0.0000000000e+00,6.7110000000e+00
5.1000000000e+03,1.0351210000e+03,3.8260000000e-02,0.0000000000e+00,0.0000000000e+00,0.0000000000e+00,6.7370000000e+00
5.2000000000e+03,1.0389470000e+03,3.8260000000e-02,0.0000000000e+00,0.0000000000e+00,0.0000000000e+00,6.7620000000e+00
5.3000000000e+03,1.0427730000e+03,3.8260000000e-02,0.0000000000e+00,0.0000000000e+00,0.0000000000e+00,6.7870000000e+00
5.4000000000e+03,1.0465990000e+03,3.8260000000e-02,0.0000000000e+00,0.0000000000e+00,0.0000000000e+00,6.8120000000e+00
5.5000000000e+03,1.0504250000e+03,3.8260000000e-02,0.0000000000e+00,0.0000000000e+00,0.0000000000e+00,6.8370000000e+00
5.6000000000e+03,1.0542510000e+03,3.8260000000e-02,0.0000000000e+00,0.0000000000e+00,0.0000000000e+00,6.8620000000e+00
5.7000000000e+03,1.0580760000e+03,3.8260000000e-02,0.0000000000e+00,0.0000000000e+00,0.0000000000e+00,6.8870000000e+00
5.8000000000e+03,1.0619020000e+03,3.8260000000e-02,0.0000000000e+00,0.0000000000e+00,0.0000000000e+00,6.9130000000e+00
5.9000000000e+03,1.0657280000e+03,3.8260000000e-02,0.0000000000e+00,0.0000000000e+00,0.0000000000e+00,6.9380000000e+00
6.0000000000e+03,1.0695540000e+03,3.8260000000e-02,0.0000000000e+00,0.0000000000e+00,0.0000000000e+00,6.9630000000e+00
6.1000000000e+03,1.0733800000e+03,3.8260000000e-02,0.0000000000e+00,0.0000000000e+00,0.0000000000e+00,6.9880000000e+00
6.2000000000e+03,1.0772060000e+03,3.8260000000e-02,0.0000000000e+00,0.0000000000e+00,0.0000000000e+00,7.0130000000e+00
6.3000000000e+03,1.0810320000e+03,3.8260000000e-02,0.0000000000e+00,0.0000000000e+00,0.0000000000e+00,7.0380000000e+00
6.4000000000e+03,1.0848580000e+03,3.8260000000e-02,0.0000000000e+00,0.0000000000e+00,0.0000000000e+00,7.0640000000e+00
6.5000000000e+03,1.0886840000e+03,3.8260000000e-02,0.0000000000e+00,0.0000000000e+00,0.0000000000e+00,7.0890000000e+00
6.6000000000e+03,1.0925100000e+03,3.8260000000e-02,0.0000000000e+00,0.0000000000e+00,0.0000000000e+00,7.1140000000e+00
6.7000000000e+03,1.0963350000e+03,3.8260000000e-02,0.0000000000e+00,0.0000000000e+00,0.0000000000e+00,7.1390000000e+00
6.8000000000e+03,1.1001610000e+03,3.8260000000e-02,0.0000000000e+00,0.0000000000e+00,0.0000000000e+00,7.1640000000e+00
6.9000000000e+03,1.1039870000e+03,3.8260000000e-02,0.0000000000e+00,0.0000000000e+00,0.0000000000e+00,7.1890000000e+00
7.0000000000e+03,1.1078130000e+03,3.8260000000e-02,0.0000000000e+00,0.0000000000e+00,0.0000000000e+00,7.2140000000e+00
7.1000000000e+03,1.1116390000e+03,3.8260000000e-02,0.0000000000e+00,0.0000000000e+00,0.0000000000e+00,7.2400000000e+00
7.2000000000e+03,1.1154650000e+03,3.8260000000e-02,0.0000000000e+00,0.0000000000e+00,0.0000000000e+00,7.2650000000e+00
7.3000000000e+03,1.1192910000e+03,3.8260000000e-02,0.0000000000e+00,0.0000000000e+00,0.0000000000e+00,7.2900000000e+00
7.4000000000e+03,1.1231170000e+03,3.8260000000e-02,0.0000000000e+00,0.0000000000e+00,0.0000000000e+00,7.3150000000e+00
7.5000000000e+03,1.1269430000e+03,3.8260000000e-02,0.0000000000e+00,0.0000000000e+00,0.0000000000e+00,7.3400000000e+00
7.6000000000e+03,1.1307690000e+03,3.8260000000e-02,0.0000000000e+00,0.0000000000e+00,0.0000000000e+00,7.3650000000e+00
7.7000000000e+03,1.1345940000e+03,3.8260000000e-02,0.0000000000e+00,0.0000000000e+00,0.0000000000e+00,7.3910000000e+00
7.8000000000e+03,1.1384200000e+03,3.8260000000e-02,0.0000000000e+00,0.0000000000e+00,0.0000000000e+00,7.4160000000e+00
7.9000000000e+03,1.1422460000e+03,3.8260000000e-02,0.0000000000e+00,0.0000000000e+00,0.0000000000e+00,7.4410000000e+00
8.0000000000e+03,1.1460720000e+03,3.8260000000e-02,0.0000000000e+00,0.0000000000e+00,0.0000000000e+00,7.4660000000e+00
8.1000000000e+03,1.1498980000e+03,3.8260000000e-02,0.0000000000e+00,0.0000000000e+00,0.0000000000e+00,7.4910000000e+00
8.2000000000e+03,1.1537240000e+03,3.8260000000e-02,0.0000000000e+00,0.0000000000e+00,0.0000000000e+00,7.5160000000e+00
8.3000000000e+03,1.1575500000e+03,3.8260000000e-02,0.0000000000e+00,0.0000000000e+00,0.0000000000e+00,7.5410000000e+00
8.4000000000e+03,1.1613760000e+03,3.8260000000e-02,0.0000000000e+00,0.0000000000e+00,0.0000000000e+00,7.5670000000e+00
8.5000000000e+03,1.1652020000e+03,3.8260000000e-02,0.0000000000e+00,0.0000000000e+00,0.0000000000e+00,7.5920000000e+00
8.6000000000e+03,1.1690280000e+03,3.8260000000e-02,0.0000000000e+00,0.0000000000e+00,0.0000000000e+00,7.6170000000e+00
8.7000000000e+03,1.1728530000e+03,3.8260000000e-02,0.0000000000e+00,0.0000000000e+00,0.0000000000e+00,7.6420000000e+00
8.8000000000e+03,1.1766790000e+03,3.8260000000e-02,0.0000000000e+00,0.0000000000e+00,0.0000000000e+00,7.6670000000e+00
8.9000000000e+03,1.1805050000e+03,3.8260000000e-02,0.0000000000e+00,0.0000000000e+00,0.0000000000e+00,7.6920000000e+00
9.0000000000e+03,1.1843310000e+03,3.8260000000e-02,0.0000000000e+00,0.0000000000e+00,0.0000000000e+00,7.7180000000e+00
9.1000000000e+03,1.1881570000e+03,3.8260000000e-02,0.0000000000e+00,0.0000000000e+00,0.0000000000e+00,7.7430000000e+00
9.2000000000e+03,1.1919830000e+03,3.8260000000e-02,0.0000000000e+00,0.0000000000e+00,0.0000000000e+00,7.7680000000e+00
9.3000000000e+03,1.1958090000e+03,3.8260000000e-02,0.0000000000e+00,0.0000000000e+00,0.0000000000e+00,7.7930000000e+00
9.4000000000e+03,1.1996350000e+03,3.8260000000e-02,0.0000000000e+00,0.0000000000e+00,0.0000000000e+00,7.8180000000e+00
9.5000000000e+03,1.2034610000e+03,3.8260000000e-02,0.0000000000e+00,0.0000000000e+00,0.0000000000e+00,7.8430000000e+00
9.6000000000e+03,1.2072870000e+03,3.8260000000e-02,0.0000000000e+00,0.0000000000e+00,0.0000000000e+00,7.8680000000e+00
9.7000000000e+03,1.2111130000e+03,3.8260000000e-02,0.0000000000e+00,0.0000000000e+00,0.0000000000e+00,7.8940000000e+00
9.8000000000e+03,1.2149380000e+03,3.8260000000e-02,0.0000000000e+00,0.0000000000e+00,0.0000000000e+00,7.9190000000e+00
9.9000000000e+03,1.2187640000e+03,3.8260000000e-02,0.0000000000e+00,0.0000000000e+00,0.0000000000e+00,7.9440000000e+00
1.0000000000e+04,1.2225900000e+03,3.8260000000e-02,0.0000000000e+00,0.0000000000e+00,0.0000000000e+00,7.9690000000e+00
1.0100000000e+04,1.2264160000e+03,3.8260000000e-02,0.0000000000e+00,0.0000000000e+00,0.0000000000e+00,7.9940000000e+00
1.0200000000e+04,1.2302420000e+03,3.8260000000e-02,0.0000000000e+00,0.0000000000e+00,0.0000000000e+00,8.0190000000e+00
1.0300000000e+04,1.2340680000e+03,3.8260000000e-02,0.0000000000e+00,0.0000000000e+00,0.0000000000e+00,8.0450000000e+00
1.0400000000e+04,1.2378940000e+03,3.8260000000e-02,0.0000000000e+00,0.0000000000e+00,0.0000000000e+00,8.0700000000e+00
1.0500000000e+04,1.2417200000e+03,3.8260000000e-02,0.0000000000e+00,0.0000000000e+00,0.0000000000e+00,8.0950000000e+00
1.0600000000e+04,1.2455460000e+03,3.8260000000e-02,0.0000000000e+00,0.0000000000e+00,0.0000000000e+00,8.1200000000e+00
1.0700000000e+04,1.2493720000e+03,3.8260000000e-02,0.0000000000e+00,0.0000000000e+00,0.0000000000e+00,8.1450000000e+00
1.0800000000e+04,1.2531970000e+03,3.8260000000e-02,0.0000000000e+00,0.0000000000e+00,0.0000000000e+00,8.1700000000e+00
1.0900000000e+04,1.2570230000e+03,3.8260000000e-02,0.0000000000e+00,0.0000000000e+00,0.0000000000e+00,8.1960000000e+00
1.0978000000e+04,1.2600000000e+03,3.0730000000e-02,3.1300000000e-24,0.0000000000e+00,0.0000000000e+00,8.2150000000e+00
1.0000000000e+00,1.2600380000e+03,3.8260000000e-02,5.7610000000e-22,8.0370000000e-18,5.6540000000e-21,8.2150000000e+00
2.0000000000e+00,1.2600770000e+03,3.8260000000e-02,4.6960000000e-22,6.1090000000e-18,5.1380000000e-21,8.2160000000e+00
3.0000000000e+00,1.2601150000e+03,3.8260000000e-02,4.2360000000e-22,4.1010000000e-18,2.3100000000e-21,8.2160000000e+00
4.0000000000e+00,1.2601530000e+03,3.8260000000e-02,3.4900000000e-22,2.7800000000e-18,2.1750000000e-21,8.2160000000e+00
5.0000000000e+00,1.2601910000e+03,3.8260000000e-02,3.0770000000e-22,1.2770000000e-18,7.0080000000e-22,8.2160000000e+00
6.0000000000e+00,1.2602300000e+03,3.8260000000e-02,3.3050000000e-22,0.0000000000e+00,5.1590000000e-23,8.2170000000e+00
7.0000000000e+00,1.2602680000e+03,3.8260000000e-02,2.9340000000e-22,0.0000000000e+00,3.6480000000e-23,8.2170000000e+00
8.0000000000e+00,1.2603060000e+03,3.8260000000e-02,3.0280000000e-22,0.0000000000e+00,3.6480000000e-23,8.2170000000e+00
9.0000000000e+00,1.2603440000e+03,3.8260000000e-02,2.9560000000e-22,0.0000000000e+00,3.6480000000e-23,8.2170000000e+00
1.0000000000e+01,1.2603830000e+03,3.8260000000e-02,2.7460000000e-22,0.0000000000e+00,3.6480000000e-23,8.2180000000e+00
1.0000000000e+02,1.2638260000e+03,3.8260000000e-02,2.6360000000e-24,5.8850000000e-21,1.8270000000e-24,8.2400000000e+00
2.0000000000e+02,1.2676520000e+03,3.8260000000e-02,0.0000000000e+00,0.0000000000e+00,0.0000000000e+00,8.2650000000e+00
3.0000000000e+02,1.2714780000e+03,3.8260000000e-02,0.0000000000e+00,0.0000000000e+00,0.0000000000e+00,8.2910000000e+00
4.0000000000e+02,1.2753040000e+03,3.8260000000e-02,0.0000000000e+00,0.0000000000e+00,0.0000000000e+00,8.3160000000e+00
5.0000000000e+02,1.2791300000e+03,3.8260000000e-02,0.0000000000e+00,0.0000000000e+00,0.0000000000e+00,8.3410000000e+00
6.0000000000e+02,1.2829550000e+03,3.8260000000e-02,0.0000000000e+00,0.0000000000e+00,0.0000000000e+00,8.3660000000e+00
7.0000000000e+02,1.2867810000e+03,3.8260000000e-02,0.0000000000e+00,0.0000000000e+00,0.0000000000e+00,8.3910000000e+00
8.0000000000e+02,1.2906070000e+03,3.8260000000e-02,0.0000000000e+00,0.0000000000e+00,0.0000000000e+00,8.4160000000e+00
9.0000000000e+02,1.2944330000e+03,3.8260000000e-02,0.0000000000e+00,0.0000000000e+00,0.0000000000e+00,8.4410000000e+00
1.0000000000e+03,1.2982590000e+03,3.8260000000e-02,0.0000000000e+00,0.0000000000e+00,0.0000000000e+00,8.4670000000e+00
1.1000000000e+03,1.3020850000e+03,3.8260000000e-02,0.0000000000e+00,0.0000000000e+00,0.0000000000e+00,8.4920000000e+00
1.2000000000e+03,1.3059110000e+03,3.8260000000e-02,0.0000000000e+00,0.0000000000e+00,0.0000000000e+00,8.5170000000e+00
1.3000000000e+03,1.3097370000e+03,3.8260000000e-02,0.0000000000e+00,0.0000000000e+00,0.0000000000e+00,8.5420000000e+00
1.4000000000e+03,1.3135630000e+03,3.8260000000e-02,0.0000000000e+00,0.0000000000e+00,0.0000000000e+00,8.5670000000e+00
1.5000000000e+03,1.3173890000e+03,3.8260000000e-02,0.0000000000e+00,0.0000000000e+00,0.0000000000e+00,8.5920000000e+00
1.6000000000e+03,1.3212140000e+03,3.8260000000e-02,0.0000000000e+00,0.0000000000e+00,0.0000000000e+00,8.6180000000e+00
1.7000000000e+03,1.3250400000e+03,3.8260000000e-02,0.0000000000e+00,0.0000000000e+00,0.0000000000e+00,8.6430000000e+00
1.8000000000e+03,1.3288660000e+03,3.8260000000e-02,0.0000000000e+00,0.0000000000e+00,0.0000000000e+00,8.6680000000e+00
1.9000000000e+03,1.3326920000e+03,3.8260000000e-02,0.0000000000e+00,0.0000000000e+00,0.0000000000e+00,8.6930000000e+00
2.0000000000e+03,1.3365180000e+03,3.8260000000e-02,0.0000000000e+00,0.0000000000e+00,0.0000000000e+00,8.7180000000e+00
2.1000000000e+03,1.3403440000e+03,3.8260000000e-02,0.0000000000e+00,0.0000000000e+00,0.0000000000e+00,8.7430000000e+00
2.2000000000e+03,1.3441700000e+03,3.8260000000e-02,0.0000000000e+00,0.0000000000e+00,0.0000000000e+00,8.7680000000e+00
2.3000000000e+03,1.3479960000e+03,3.8260000000e-02,0.0000000000e+00,0.0000000000e+00,0.0000000000e+00,8.7940000000e+00
2.4000000000e+03,1.3518220000e+03,3.8260000000e-02,0.0000000000e+00,0.0000000000e+00,0.0000000000e+00,8.8190000000e+00
2.5000000000e+03,1.3556480000e+03,3.8260000000e-02,0.0000000000e+00,0.0000000000e+00,0.0000000000e+00,8.8440000000e+00
2.6000000000e+03,1.3594730000e+03,3.8260000000e-02,0.0000000000e+00,0.0000000000e+00,0.0000000000e+00,8.8690000000e+00
2.7000000000e+03,1.3632990000e+03,3.8260000000e-02,0.0000000000e+00,0.0000000000e+00,0.0000000000e+00,8.8940000000e+00
2.8000000000e+03,1.3671250000e+03,3.8260000000e-02,0.0000000000e+00,0.0000000000e+00,0.0000000000e+00,8.9190000000e+00
2.9000000000e+03,1.3709510000e+03,3.8260000000e-02,0.0000000000e+00,0.0000000000e+00,0.0000000000e+00,8.9450000000e+00
3.0000000000e+03,1.3747770000e+03,3.8260000000e-02,0.0000000000e+00,0.0000000000e+00,0.0000000000e+00,8.9700000000e+00
3.1000000000e+03,1.3786030000e+03,3.8260000000e-02,0.0000000000e+00,0.0000000000e+00,0.0000000000e+00,8.9950000000e+00
3.2000000000e+03,1.3824290000e+03,3.8260000000e-02,0.0000000000e+00,0.0000000000e+00,0.0000000000e+00,9.0200000000e+00
3.3000000000e+03,1.3862550000e+03,3.8260000000e-02,0.0000000000e+00,0.0000000000e+00,0.0000000000e+00,9.0450000000e+00
3.4000000000e+03,1.3900810000e+03,3.8260000000e-02,0.0000000000e+00,0.0000000000e+00,0.0000000000e+00,9.0700000000e+00
3.5000000000e+03,1.3939070000e+03,3.8260000000e-02,0.0000000000e+00,0.0000000000e+00,0.0000000000e+00,9.0950000000e+00
3.6000000000e+03,1.3977320000e+03,3.8260000000e-02,0.0000000000e+00,0.0000000000e+00,0.0000000000e+00,9.1210000000e+00
3.7000000000e+03,1.4015580000e+03,3.8260000000e-02,0.0000000000e+00,0.0000000000e+00,0.0000000000e+00,9.1460000000e+00
3.8000000000e+03,1.4053840000e+03,3.8260000000e-02,0.0000000000e+00,0.0000000000e+00,0.0000000000e+00,9.1710000000e+00
3.9000000000e+03,1.4092100000e+03,3.8260000000e-02,0.0000000000e+00,0.0000000000e+00,0.0000000000e+00,9.1960000000e+00
4.0000000000e+03,1.4130360000e+03,3.8260000000e-02,0.0000000000e+00,0.0000000000e+00,0.0000000000e+00,9.2210000000e+00
4.1000000000e+03,1.4168620000e+03,3.8260000000e-02,0.0000000000e+00,0.0000000000e+00,0.0000000000e+00,9.2460000000e+00
4.2000000000e+03,1.4206880000e+03,3.8260000000e-02,0.0000000000e+00,0.0000000000e+00,0.0000000000e+00,9.2720000000e+00
4.3000000000e+03,1.4245140000e+03,3.8260000000e-02,0.0000000000e+00,0.0000000000e+00,0.0000000000e+00,9.2970000000e+00
4.4000000000e+03,1.4283400000e+03,3.8260000000e-02,0.0000000000e+00,0.0000000000e+00,0.0000000000e+00,9.3220000000e+00
4.5000000000e+03,1.4321660000e+03,3.8260000000e-02,0.0000000000e+00,0.0000000000e+00,0.0000000000e+00,9.3470000000e+00
4.6000000000e+03,1.4359910000e+03,3.8260000000e-02,0.0000000000e+00,0.0000000000e+00,0.0000000000e+00,9.3720000000e+00
4.7000000000e+03,1.4398170000e+03,3.8260000000e-02,0.0000000000e+00,0.0000000000e+00,0.0000000000e+00,9.3970000000e+00
4.8000000000e+03,1.4436430000e+03,3.8260000000e-02,0.0000000000e+00,0.0000000000e+00,0.0000000000e+00,9.4230000000e+00
4.9000000000e+03,1.4474690000e+03,3.8260000000e-02,0.0000000000e+00,0.0000000000e+00,0.0000000000e+00,9.4480000000e+00
5.0000000000e+03,1.4512950000e+03,3.8260000000e-02,0.0000000000e+00,0.0000000000e+00,0.0000000000e+00,9.4730000000e+00
5.1000000000e+03,1.4551210000e+03,3.8260000000e-02,0.0000000000e+00,0.0000000000e+00,0.0000000000e+00,9.4980000000e+00
5.2000000000e+03,1.4589470000e+03,3.8260000000e-02,0.0000000000e+00,0.0000000000e+00,0.0000000000e+00,9.5230000000e+00
5.3000000000e+03,1.4627730000e+03,3.8260000000e-02,0.0000000000e+00,0.0000000000e+00,0.0000000000e+00,9.5480000000e+00
5.4000000000e+03,1.4665990000e+03,3.8260000000e-02,0.0000000000e+00,0.0000000000e+00,0.0000000000e+00,9.5730000000e+00
5.5000000000e+03,1.4704250000e+03,3.8260000000e-02,0.0000000000e+00,0.0000000000e+00,0.0000000000e+00,9.5990000000e+00
5.6000000000e+03,1.4742510000e+03,3.8260000000e-02,0.0000000000e+00,0.0000000000e+00,0.0000000000e+00,9.6240000000e+00
5.7000000000e+03,1.4780760000e+03,3.8260000000e-02,0.0000000000e+00,0.0000000000e+00,0.0000000000e+00,9.6490000000e+00
5.8000000000e+03,1.4819020000e+03,3.8260000000e-02,0.0000000000e+00,0.0000000000e+00,0.0000000000e+00,9.6740000000e+00
5.9000000000e+03,1.4857280000e+03,3.8260000000e-02,0.0000000000e+00,0.0000000000e+00,0.0000000000e+00,9.6990000000e+00
6.0000000000e+03,1.4895540000e+03,3.8260000000e-02,0.0000000000e+00,0.0000000000e+00,0.0000000000e+00,9.7240000000e+00
6.1000000000e+03,1.4933800000e+03,3.8260000000e-02,0.0000000000e+00,0.0000000000e+00,0.0000000000e+00,9.7500000000e+00
6.2000000000e+03,1.4972060000e+03,3.8260000000e-02,0.0000000000e+00,0.0000000000e+00,0.0000000000e+00,9.7750000000e+00
6.3000000000e+03,1.5010320000e+03,3.8260000000e-02,0.0000000000e+00,0.0000000000e+00,0.0000000000e+00,9.8000000000e+00
6.4000000000e+03,1.5048580000e+03,3.8260000000e-02,0.0000000000e+00,0.0000000000e+00,0.0000000000e+00,9.8250000000e+00
6.5000000000e+03,1.5086840000e+03,3.8260000000e-02,0.0000000000e+00,0.0000000000e+00,0.0000000000e+00,9.8500000000e+00
6.6000000000e+03,1.5125100000e+03,3.8260000000e-02,0.0000000000e+00,0.0000000000e+00,0.0000000000e+00,9.8750000000e+00
6.7000000000e+03,1.5163350000e+03,3.8260000000e-02,0.0000000000e+00,0.0000000000e+00,0.0000000000e+00,9.9000000000e+00
6.8000000000e+03,1.5201610000e+03,3.8260000000e-02,0.0000000000e+00,0.0000000000e+00,0.0000000000e+00,9.9260000000e+00
6.9000000000e+03,1.5239870000e+03,3.8260000000e-02,0.0000000000e+00,0.0000000000e+00,0.0000000000e+00,9.9510000000e+00
7.0000000000e+03,1.5278130000e+03,3.8260000000e-02,0.0000000000e+00,0.0000000000e+00,0.0000000000e+00,9.9760000000e+00
7.1000000000e+03,1.5316390000e+03,3.8260000000e-02,0.0000000000e+00,0.0000000000e+00,0.0000000000e+00,1.0000000000e+01
7.2000000000e+03,1.5354650000e+03,3.8260000000e-02,0.0000000000e+00,0.0000000000e+00,0.0000000000e+00,1.0030000000e+01
7.3000000000e+03,1.5392910000e+03,3.8260000000e-02,0.0000000000e+00,0.0000000000e+00,0.0000000000e+00,1.0050000000e+01
7.4000000000e+03,1.5431170000e+03,3.8260000000e-02,0.0000000000e+00,0.0000000000e+00,0.0000000000e+00,1.0080000000e+01
7.5000000000e+03,1.5469430000e+03,3.8260000000e-02,0.0000000000e+00,0.0000000000e+00,0.0000000000e+00,1.0100000000e+01
7.6000000000e+03,1.5507690000e+03,3.8260000000e-02,0.0000000000e+00,0.0000000000e+00,0.0000000000e+00,1.0130000000e+01
7.7000000000e+03,1.5545940000e+03,3.8260000000e-02,0.0000000000e+00,0.0000000000e+00,0.0000000000e+00,1.0150000000e+01
7.8000000000e+03,1.5584200000e+03,3.8260000000e-02,0.0000000000e+00,0.0000000000e+00,0.0000000000e+00,1.0180000000e+01
7.9000000000e+03,1.5622460000e+03,3.8260000000e-02,0.0000000000e+00,0.0000000000e+00,0.0000000000e+00,1.0200000000e+01
8.0000000000e+03,1.5660720000e+03,3.8260000000e-02,0.0000000000e+00,0.0000000000e+00,0.0000000000e+00,1.0230000000e+01
8.1000000000e+03,1.5698980000e+03,3.8260000000e-02,0.0000000000e+00,0.0000000000e+00,0.0000000000e+00,1.0250000000e+01
8.2000000000e+03,1.5737240000e+03,3.8260000000e-02,0.0000000000e+00,0.0000000000e+00,0.0000000000e+00,1.0280000000e+01
8.3000000000e+03,1.5775500000e+03,3.8260000000e-02,0.0000000000e+00,0.0000000000e+00,0.0000000000e+00,1.0300000000e+01
8.4000000000e+03,1.5813760000e+03,3.8260000000e-02,0.0000000000e+00,0.0000000000e+00,0.0000000000e+00,1.0330000000e+01
8.5000000000e+03,1.5852020000e+03,3.8260000000e-02,0.0000000000e+00,0.0000000000e+00,0.0000000000e+00,1.0350000000e+01
8.6000000000e+03,1.5890280000e+03,3.8260000000e-02,0.0000000000e+00,0.0000000000e+00,0.0000000000e+00,1.0380000000e+01
8.7000000000e+03,1.5928530000e+03,3.8260000000e-02,0.0000000000e+00,0.0000000000e+00,0.0000000000e+00,1.0400000000e+01
8.8000000000e+03,1.5966790000e+03,3.8260000000e-02,0.0000000000e+00,0.0000000000e+00,0.0000000000e+00,1.0430000000e+01
8.9000000000e+03,1.6005050000e+03,3.8260000000e-02,0.0000000000e+00,0.0000000000e+00,0.0000000000e+00,1.0450000000e+01
9.0000000000e+03,1.6043310000e+03,3.8260000000e-02,0.0000000000e+00,0.0000000000e+00,0.0000000000e+00,1.0480000000e+01
9.1000000000e+03,1.6081570000e+03,3.8260000000e-02,0.0000000000e+00,0.0000000000e+00,0.0000000000e+00,1.0500000000e+01
9.2000000000e+03,1.6119830000e+03,3.8260000000e-02,0.0000000000e+00,0.0000000000e+00,0.0000000000e+00,1.0530000000e+01
9.3000000000e+03,1.6158090000e+03,3.8260000000e-02,0.0000000000e+00,0.0000000000e+00,0.0000000000e+00,1.0550000000e+01
9.4000000000e+03,1.6196350000e+03,3.8260000000e-02,0.0000000000e+00,0.0000000000e+00,0.0000000000e+00,1.0580000000e+01
9.5000000000e+03,1.6234610000e+03,3.8260000000e-02,0.0000000000e+00,0.0000000000e+00,0.0000000000e+00,1.0600000000e+01
9.6000000000e+03,1.6272870000e+03,3.8260000000e-02,0.0000000000e+00,0.0000000000e+00,0.0000000000e+00,1.0630000000e+01
9.7000000000e+03,1.6311130000e+03,3.8260000000e-02,0.0000000000e+00,0.0000000000e+00,0.0000000000e+00,1.0660000000e+01
9.8000000000e+03,1.6349380000e+03,3.8260000000e-02,0.0000000000e+00,0.0000000000e+00,0.0000000000e+00,1.0680000000e+01
9.9000000000e+03,1.6387640000e+03,3.8260000000e-02,0.0000000000e+00,0.0000000000e+00,0.0000000000e+00,1.0710000000e+01
1.0000000000e+04,1.6425900000e+03,3.8260000000e-02,0.0000000000e+00,0.0000000000e+00,0.0000000000e+00,1.0730000000e+01
1.0100000000e+04,1.6464160000e+03,3.8260000000e-02,0.0000000000e+00,0.0000000000e+00,0.0000000000e+00,1.0760000000e+01
1.0200000000e+04,1.6502420000e+03,3.8260000000e-02,0.0000000000e+00,0.0000000000e+00,0.0000000000e+00,1.0780000000e+01
1.0300000000e+04,1.6540680000e+03,3.8260000000e-02,0.0000000000e+00,0.0000000000e+00,0.0000000000e+00,1.0810000000e+01
1.0400000000e+04,1.6578940000e+03,3.8260000000e-02,0.0000000000e+00,0.0000000000e+00,0.0000000000e+00,1.0830000000e+01
1.0500000000e+04,1.6617200000e+03,3.8260000000e-02,0.0000000000e+00,0.0000000000e+00,0.0000000000e+00,1.0860000000e+01
1.0600000000e+04,1.6655460000e+03,3.8260000000e-02,0.0000000000e+00,0.0000000000e+00,0.0000000000e+00,1.0880000000e+01
1.0700000000e+04,1.6693720000e+03,3.8260000000e-02,0.0000000000e+00,0.0000000000e+00,0.0000000000e+00,1.0910000000e+01
1.0800000000e+04,1.6731970000e+03,3.8260000000e-02,0.0000000000e+00,0.0000000000e+00,0.0000000000e+00,1.0930000000e+01
1.0900000000e+04,1.6770230000e+03,3.8260000000e-02,0.0000000000e+00,0.0000000000e+00,0.0000000000e+00,1.0960000000e+01
1.0978000000e+04,1.6800000000e+03,3.0730000000e-02,2.5250000000e-24,0.0000000000e+00,0.0000000000e+00,1.0980000000e+01
1.0000000000e+00,1.6800380000e+03,3.8260000000e-02,5.6700000000e-22,8.1790000000e-18,5.6610000000e-21,1.0980000000e+01
2.0000000000e+00,1.6800770000e+03,3.8260000000e-02,4.8280000000e-22,6.3180000000e-18,4.6420000000e-21,1.0980000000e+01
3.0000000000e+00,1.6801150000e+03,3.8260000000e-02,4.4230000000e-22,4.3540000000e-18,2.5220000000e-21,1.0980000000e+01
4.0000000000e+00,1.6801530000e+03,3.8260000000e-02,3.7820000000e-22,2.7800000000e-18,2.1750000000e-21,1.0980000000e+01
5.0000000000e+00,1.6801910000e+03,3.8260000000e-02,3.3910000000e-22,1.2770000000e-18,7.0080000000e-22,1.0980000000e+01
6.0000000000e+00,1.6802300000e+03,3.8260000000e-02,3.6170000000e-22,0.0000000000e+00,5.1590000000e-23,1.0980000000e+01
7.0000000000e+00,1.6802680000e+03,3.8260000000e-02,3.3280000000e-22,0.0000000000e+00,3.6480000000e-23,1.0980000000e+01
8.0000000000e+00,1.6803060000e+03,3.8260000000e-02,3.3080000000e-22,0.0000000000e+00,3.6480000000e-23,1.0980000000e+01
9.0000000000e+00,1.6803440000e+03,3.8260000000e-02,3.2250000000e-22,0.0000000000e+00,3.6480000000e-23,1.0980000000e+01
1.0000000000e+01,1.6803830000e+03,3.8260000000e-02,2.9670000000e-22,0.0000000000e+00,3.6480000000e-23,1.0980000000e+01
1.0000000000e+02,1.6838260000e+03,3.8260000000e-02,2.1450000000e-24,0.0000000000e+00,0.0000000000e+00,1.1000000000e+01
2.0000000000e+02,1.6876520000e+03,3.8260000000e-02,0.0000000000e+00,0.0000000000e+00,0.0000000000e+00,1.1030000000e+01
3.0000000000e+02,1.6914780000e+03,3.8260000000e-02,0.0000000000e+00,0.0000000000e+00,0.0000000000e+00,1.1050000000e+01
4.0000000000e+02,1.6953040000e+03,3.8260000000e-02,0.0000000000e+00,0.0000000000e+00,0.0000000000e+00,1.1080000000e+01
5.0000000000e+02,1.6991300000e+03,3.8260000000e-02,0.0000000000e+00,0.0000000000e+00,0.0000000000e+00,1.1100000000e+01
6.0000000000e+02,1.7029550000e+03,3.8260000000e-02,0.0000000000e+00,0.0000000000e+00,0.0000000000e+00,1.1130000000e+01
7.0000000000e+02,1.7067810000e+03,3.8260000000e-02,0.0000000000e+00,0.0000000000e+00,0.0000000000e+00,1.1150000000e+01
8.0000000000e+02,1.7106070000e+03,3.8260000000e-02,0.0000000000e+00,0.0000000000e+00,0.0000000000e+00,1.1180000000e+01
9.0000000000e+02,1.7144330000e+03,3.8260000000e-02,0.0000000000e+00,0.0000000000e+00,0.0000000000e+00,1.1200000000e+01
1.0000000000e+03,1.7182590000e+03,3.8260000000e-02,0.0000000000e+00,0.0000000000e+00,0.0000000000e+00,1.1230000000e+01
1.1000000000e+03,1.7220850000e+03,3.8260000000e-02,0.0000000000e+00,0.0000000000e+00,0.0000000000e+00,1.1250000000e+01
1.2000000000e+03,1.7259110000e+03,3.8260000000e-02,0.0000000000e+00,0.0000000000e+00,0.0000000000e+00,1.1280000000e+01
1.3000000000e+03,1.7297370000e+03,3.8260000000e-02,0.0000000000e+00,0.0000000000e+00,0.0000000000e+00,1.1300000000e+01
1.4000000000e+03,1.7335630000e+03,3.8260000000e-02,0.0000000000e+00,0.0000000000e+00,0.0000000000e+00,1.1330000000e+01
1.5000000000e+03,1.7373890000e+03,3.8260000000e-02,0.0000000000e+00,0.0000000000e+00,0.0000000000e+00,1.1350000000e+01
1.5690000000e+03,1.7400000000e+03,9.8550000000e-03,8.4520000000e-25,0.0000000000e+00,5.3450000000e-25,1.1370000000e+01
